Postcode,Suburb
3000,Melbourne
3001,-
3002,East Melbourne
3003,West Melbourne
3004,"Melbourne, St Kilda Road Central, St Kilda Road Melbourne"
3005,-
3006,"South Wharf, Southbank"
3008,Docklands
3010,-
3011,"Footscray, Seddon, Seddon West"
3012,"Brooklyn, Kingsville, Maidstone, Tottenham, West Footscray"
3013,"Yarraville, Yarraville West"
3014,-
3015,"Newport, South Kingsville, Spotswood"
3016,"Williamstown, Williamstown North"
3017,-
3018,"Altona, Seaholme"
3019,"Braybrook, Robinson"
3020,"Albion, Glengala, Sunshine, Sunshine North, Sunshine West"
3021,"Albanvale, Kealba, Kings Park, St Albans"
3022,"Ardeer, Deer Park East"
3023,"Burnside, Burnside Heights, Cairnlea, Caroline Springs, Deer Park, Deer Park North, Ravenhall"
3024,"Mambourin, Manor Lakes, Mount Cottrell, Wyndham Vale"
3025,"Altona East, Altona Gate, Altona North"
3026,Laverton North
3027,Williams Landing
3028,"Altona Meadows, Laverton, Seabrook"
3029,"Hoppers Crossing, Tarneit, Truganina"
3030,"Cocoroc, Derrimut, Point Cook, Quandong, Werribee, Werribee South"
3031,"Flemington, Kensington"
3032,"Ascot Vale, Highpoint City, Maribyrnong, Travancore"
3033,Keilor East
3034,Avondale Heights
3035,-
3036,"Keilor, Keilor North"
3037,"Calder Park, Delahey, Hillside, Sydenham, Taylors Hill"
3038,"Keilor Downs, Keilor Lodge, Taylors Lakes, Watergardens"
3039,Moonee Ponds
3040,"Aberfeldie, Essendon, Essendon West"
3041,"Cross Keys, Essendon Fields, Essendon North, Strathmore, Strathmore Heights"
3042,"Airport West, Keilor Park, Niddrie, Niddrie North"
3043,"Gladstone Park, Gowanbrae, Tullamarine"
3044,"Pascoe Vale, Pascoe Vale South"
3045,Melbourne Airport
3046,"Glenroy, Hadfield, Oak Park"
3047,"Broadmeadows, Dallas, Jacana"
3048,"Coolaroo, Meadow Heights"
3049,"Attwood, Westmeadows"
3050,-
3051,"Hotham Hill, North Melbourne"
3052,"Melbourne University, Parkville"
3053,"Carlton, Carlton South"
3054,"Carlton North, Princes Hill"
3055,"Brunswick South, Brunswick West, Moonee Vale, Moreland West"
3056,"Brunswick, Brunswick Lower, Brunswick North"
3057,"Brunswick East, Sumner"
3058,"Batman, Coburg, Coburg North, Merlynston, Moreland"
3059,Greenvale
3060,Fawkner
3061,Campbellfield
3062,Somerton
3063,"Oaklands Junction, Yuroke"
3064,"Craigieburn, Donnybrook, Kalkallo, Mickleham, Roxburgh Park"
3065,Fitzroy
3066,"Collingwood, Collingwood North"
3067,Abbotsford
3068,"Clifton Hill, Fitzroy North"
3069,-
3070,"Northcote, Northcote South"
3071,Thornbury
3072,"Gilberton, Northland Centre, Preston, Preston Lower, Preston South, Preston West, Regent West"
3073,Reservoir
3074,Thomastown
3075,Lalor
3076,Epping
3077,-
3078,"Alphington, Fairfield"
3079,"Ivanhoe, Ivanhoe East, Ivanhoe North"
3080,-
3081,"Bellfield, Heidelberg Heights, Heidelberg Rgh, Heidelberg West"
3082,Mill Park
3083,"Bundoora, Kingsbury, La Trobe University"
3084,"Banyule, Eaglemont, Heidelberg, Rosanna, Viewbank"
3085,"Macleod, Macleod West, Yallambie"
3086,-
3087,"Watsonia, Watsonia North"
3088,"Briar Hill, Greensborough, St Helena"
3089,Diamond Creek
3090,Plenty
3091,Yarrambat
3093,Lower Plenty
3094,Montmorency
3095,"Eltham, Eltham North, Research"
3096,Wattle Glen
3097,"Bend Of Islands, Kangaroo Ground, Watsons Creek"
3099,"Arthurs Creek, Cottles Bridge, Hurstbridge, Nutfield, Strathewen"
3101,"Cotham, Kew"
3102,Kew East
3103,"Balwyn, Balwyn East, Deepdene, Stradbroke Park"
3104,"Balwyn North, Greythorn"
3105,Bulleen
3106,Templestowe
3107,Templestowe Lower
3108,Doncaster
3109,"Doncaster East, Doncaster Heights"
3110,-
3111,Donvale
3113,"North Warrandyte, Warrandyte"
3114,Park Orchards
3115,Wonga Park
3116,Chirnside Park
3118,-
3121,"Burnley, Burnley North, Cremorne, Richmond, Richmond East, Richmond North, Richmond South"
3122,"Auburn South, Glenferrie South, Hawthorn, Hawthorn North, Hawthorn West"
3123,"Auburn, Hawthorn East"
3124,"Camberwell, Camberwell North, Camberwell South, Camberwell West, Hartwell, Middle Camberwell"
3125,"Bennettswood, Burwood, Surrey Hills South"
3126,"Camberwell East, Canterbury"
3127,"Mont Albert, Surrey Hills, Surrey Hills North"
3128,"Box Hill, Box Hill Central, Box Hill South, Houston, Wattle Park"
3129,"Box Hill North, Kerrimuir, Mont Albert North"
3130,"Blackburn, Blackburn North, Blackburn South, Laburnum"
3131,"Brentford Square, Forest Hill, Nunawading"
3132,"Mitcham, Mitcham North, Rangeview"
3133,"Vermont, Vermont South"
3134,"Heathwood, Ringwood, Ringwood North, Warrandyte South, Warranwood"
3135,"Bedford Road, Heathmont, Ringwood East"
3136,"Croydon, Croydon Hills, Croydon North, Croydon South"
3137,"Kilsyth, Kilsyth South"
3138,Mooroolbark
3139,"Beenak, Don Valley, Hoddles Creek, Launching Place, Seville, Seville East, Wandin East, Wandin North, Woori Yallock, Yellingbo"
3140,Lilydale
3141,South Yarra
3142,"Hawksburn, Toorak"
3143,"Armadale, Armadale North"
3144,"Kooyong, Malvern, Malvern North"
3145,"Caulfield East, Central Park, Darling, Darling South, Malvern East, Wattletree Road Po"
3146,"Glen Iris, Tooronga"
3147,"Ashburton, Ashwood"
3148,"Chadstone, Chadstone Centre, Holmesglen, Jordanville"
3149,"Mount Waverley, Pinewood, Syndal"
3150,"Brandon Park, Glen Waverley, Wheelers Hill"
3151,"Burwood East, Burwood Heights"
3152,"Knox City Centre, Studfield, Wantirna, Wantirna South"
3153,"Bayswater, Bayswater North"
3154,The Basin
3155,Boronia
3156,"Ferntree Gully, Lysterfield, Lysterfield South, Mountain Gate, Upper Ferntree Gully"
3157,-
3158,Upwey
3159,"Menzies Creek, Selby"
3160,"Belgrave, Belgrave Heights, Belgrave South, Tecoma"
3161,"Caulfield Junction, Caulfield North"
3162,"Caulfield, Caulfield South, Hopetoun Gardens"
3163,"Booran Road Po, Carnegie, Glen Huntly, Murrumbeena"
3164,-
3165,Bentleigh East
3166,"Hughesdale, Huntingdale, Oakleigh, Oakleigh East"
3167,Oakleigh South
3168,"Clayton, Notting Hill"
3169,"Clarinda, Clayton South"
3170,"Mulgrave, Waverley Gardens"
3171,"Sandown Village, Springvale"
3172,"Dingley Village, Springvale South"
3173,Keysborough
3174,"Noble Park, Noble Park North"
3175,"Bangholme, Dandenong, Dandenong East, Dandenong North, Dandenong South, Dunearn"
3176,-
3177,"Doveton, Eumemmerring"
3178,Rowville
3179,Scoresby
3180,Knoxfield
3181,"Prahran, Prahran East, Windsor"
3182,"St Kilda, St Kilda South, St Kilda West"
3183,"Balaclava, St Kilda East"
3184,"Brighton Road, Elwood"
3185,"Elsternwick, Gardenvale, Ripponlea"
3186,"Brighton, Brighton North, Dendy, Were Street Po"
3187,"Brighton East, North Road"
3188,"Hampton, Hampton East, Hampton North"
3189,"Moorabbin, Moorabbin East, Wishart"
3190,Highett
3191,Sandringham
3192,"Cheltenham, Cheltenham East, Southland Centre"
3193,"Beaumaris, Black Rock, Black Rock North, Cromer"
3194,"Mentone, Mentone East, Moorabbin Airport"
3195,"Aspendale, Aspendale Gardens, Braeside, Mordialloc, Parkdale, Waterways"
3196,"Bonbeach, Chelsea, Chelsea Heights, Edithvale"
3197,"Carrum, Patterson Lakes"
3198,Seaford
3199,"Frankston, Frankston East, Frankston Heights, Frankston South, Karingal, Karingal Centre"
3200,"Frankston North, Pines Forest"
3201,Carrum Downs
3202,Heatherton
3204,"Bentleigh, Mckinnon, Ormond, Patterson"
3205,South Melbourne
3206,"Albert Park, Middle Park"
3207,"Garden City, Port Melbourne"
3210,-
3211,Little River
3212,"Avalon, Lara, Point Wilson"
3213,"Anakie, Batesford, Lovely Banks, Moorabool"
3214,"Corio, Norlane, North Shore"
3215,"Bell Park, Bell Post Hill, Drumcondra, Geelong North, Hamlyn Heights, North Geelong, Rippleside"
3216,"Belmont, Grovedale, Grovedale East, Highton, Marshall, Wandana Heights, Waurn Ponds"
3217,"Armstrong Creek, Charlemont, Freshwater Creek, Mount Duneed"
3218,"Fyansford, Geelong West, Herne Hill, Manifold Heights, Murgheboluc, Stonehaven"
3219,"Breakwater, East Geelong, Newcomb, St Albans Park, Thomson, Whittington"
3220,"Bareena, Geelong, Newtown, South Geelong"
3221,"Barrabool, Ceres, Geelong Mc, Gnarwarre"
3222,"Clifton Springs, Curlewis, Drysdale, Mannerim, Marcus Hill, Wallington"
3223,"Bellarine, Indented Head, Portarlington, St Leonards"
3224,"Leopold, Moolap"
3225,"Point Lonsdale, Queenscliff, Swan Bay, Swan Island"
3226,Ocean Grove
3227,"Barwon Heads, Breamlea, Connewarre"
3228,"Bellbrae, Bells Beach, Jan Juc, Torquay"
3230,Anglesea
3231,"Aireys Inlet, Big Hill, Eastern View, Fairhaven, Moggs Creek"
3232,Lorne
3233,"Apollo Bay, Cape Otway, Marengo, Petticoat Creek, Skenes Creek, Skenes Creek North"
3234,"Grey River, Kennett River, Separation Creek, Sugarloaf, Wongarra, Wye River"
3235,"Benwerrin, Boonah, Deans Marsh, Pennyroyal"
3236,"Forrest, Mount Sabine"
3237,"Aire Valley, Beech Forest, Ferguson, Gellibrand Lower, Wattle Hill, Weeaproinah, Wyelangta, Yuulong"
3238,"Glenaire, Hordern Vale, Johanna, Lavers Hill"
3239,"Carlisle River, Chapple Vale, Gellibrand, Kennedys Creek"
3240,"Buckley, Gherang, Modewarre, Moriac, Mount Moriac, Paraparap"
3241,"Bambra, Ombersley, Wensleydale, Winchelsea, Winchelsea South, Wurdiboluc"
3242,Birregurra
3243,"Barwon Downs, Murroon, Warncoort, Whoorel"
3249,"Alvie, Balintore, Barongarook, Barongarook West, Barramunga, Coragulac, Corunnun, Dreeite, Dreeite South, Gerangamete, Irrewarra, Irrewillipe, Irrewillipe East, Kawarren, Larpent, Nalangil, Ondit, Pirron Yallock, Pomborneit East, Swan Marsh, Tanybryn, Warrion, Wool Wool, Yeo, Yeodene"
3250,"Colac, Colac East, Colac West, Elliminyt"
3251,"Beeac, Cundare, Cundare North, Eurack, Weering"
3254,Cororooke
3256,-
3257,-
3259,-
3260,"Bookaar, Bostocks Creek, Bungador, Camperdown, Carpendeit, Chocolyn, Gnotuk, Kariah, Koallah, Leslie Manor, Pomborneit, Pomborneit North, Skibo, South Purrumbete, Stonyford, Tandarook, Tesbury, Weerite"
3264,Terang
3265,"Boorcan, Cudgee, Dixie, Ecklin South, Ellerslie, Framlingham, Framlingham East, Garvoc, Glenormiston, Glenormiston North, Glenormiston South, Kolora, Laang, Noorat, Noorat East, Panmure, Taroon, The Sisters"
3266,"Bullaharre, Cobden, Cobrico, Elingamite, Elingamite North, Glenfyne, Jancourt, Jancourt East, Naroghid, Simpson"
3267,Scotts Creek
3268,"Ayrford, Brucknell, Cooriemungle, Cowleys Creek, Curdies River, Curdievale, Heytesbury Lower, Newfield, Nirranda, Nirranda East, Nirranda South, Nullawarre, Nullawarre North, Paaratte, The Cove, Timboon, Timboon West"
3269,"Port Campbell, Princetown, Waarre"
3270,Peterborough
3271,"Darlington, Dundonnell, Pura Pura"
3272,"Mortlake, Woorndoo"
3273,Hexham
3274,Caramut
3275,Mailors Flat
3276,"Minjah, Woolsthorpe"
3277,"Allansford, Mepunga, Mepunga East, Mepunga West, Naringal, Naringal East"
3278,"Purnim, Purnim West"
3279,"Ballangeich, Wangoom"
3280,"Dennington, Warrnambool"
3281,"Bushfield, Grassmere, Winslow, Woodford"
3282,"Illowa, Koroit"
3283,"Crossley, Killarney, Kirkstall, Southern Cross, Tarrone, Tower Hill, Warrong, Willatook, Yangery, Yarpturk"
3284,"Orford, Port Fairy"
3285,"Codrington, Narrawong, Rosebrook, St Helens, Toolong, Tyrendarra, Tyrendarra East, Yambuk"
3286,"Condah Swamp, Knebsworth, Macarthur, Warrabkook"
3287,"Hawkesdale, Minhamite"
3288,-
3289,"Gazette, Gerrigerrup, Penshurst, Purdeet, Tabor"
3290,-
3291,-
3292,Nelson
3293,"Glenthompson, Nareeb, Narrapumelap South"
3294,"Dunkeld, Karabeal, Mirranatwa, Moutajup, Victoria Point, Victoria Valley, Woodhouse"
3300,"Byaduk North, Hamilton"
3301,"Bochara, Broadwater, Buckley Swamp, Byaduk, Croxton East, Hensley Park, Morgiana, Mount Napier, Strathkellar, Tahara, Tarrington, Wannon, Warrayure, Yatchaw, Yulecart"
3302,"Branxholme, Grassdale"
3303,"Breakaway Creek, Condah, Hotspur, Lake Condah, Wallacedale"
3304,"Bessiebelle, Dartmoor, Drik Drik, Drumborg, Greenwald, Heywood, Homerton, Lyons, Milltown, Mumbannar, Myamyn, Winnap"
3305,"Allestree, Bolwarra, Cape Bridgewater, Cashmore, Dutton Way, Gorae, Gorae West, Heathmere, Mount Richmond, Portland, Portland North, Portland West"
3306,-
3307,-
3309,Digby
3310,"Merino, Tahara West"
3311,"Casterton, Corndale"
3312,"Bahgallah, Brimboal, Carapook, Chetwynd, Dergholm, Dorodong, Dunrobin, Henty, Killara, Lake Mundi, Lindsay, Nangeela, Poolaijelo, Powers Creek, Sandford, Strathdownie, Wando Bridge, Wando Vale, Warrock"
3314,"Bulart, Cavendish, Glenisla, Grampians, Mooralla"
3315,"Brit Brit, Clover Flat, Coleraine, Coojar, Culla, Gringegalgona, Gritjurk, Hilgay, Konongwootong, Melville Forest, Muntham, Nareen, Paschendale, Tahara Bridge, Tarrayoukyan, Tarrenlea, Wootong Vale"
3317,Harrow
3318,"Charam, Connewirricoo, Edenhope, Kadnook, Langkoop, Patyah, Ullswater"
3319,"Apsley, Benayeo, Bringalbert"
3320,-
3321,"Hesse, Inverleigh, Wingeel"
3322,Cressy
3323,"Berrybank, Duverney, Foxhow"
3324,"Lismore, Mingay, Mount Bute"
3325,"Derrinallum, Larralea, Vite Vite, Vite Vite North"
3328,Teesdale
3329,"Barunah Park, Barunah Plains, Shelford"
3330,Rokewood
3331,"Bannockburn, Gheringhap, Maude, Russells Bridge, She Oaks, Steiglitz, Sutherlands Creek"
3332,Lethbridge
3333,"Bamganie, Meredith"
3334,"Bungal, Cargerie, Elaine, Morrisons, Mount Doran"
3335,"Plumpton, Rockbank"
3336,-
3337,"Kurunjang, Melton, Melton West, Toolern Vale"
3338,"Brookfield, Exford, Eynesbury, Melton South"
3339,-
3340,"Bacchus Marsh, Balliang, Balliang East, Coimadai, Darley, Glenmore, Hopetoun Park, Long Forest, Maddingley, Merrimu, Parwan, Rowsley, Staughton Vale"
3341,"Dales Creek, Greendale, Korobeit, Myrniong, Pentland Hills"
3342,"Ballan, Beremboke, Blakeville, Bunding, Colbrook, Durdidwarrah, Fiskville, Ingliston, Mount Wallace"
3345,Gordon
3346,-
3350,"Alfredton, Bakery Hill, Ballarat, Ballarat Central, Ballarat East, Ballarat North, Ballarat West, Black Hill, Brown Hill, Canadian, Eureka, Golden Point, Invermay Park, Lake Wendouree, Lucas, Mount Clear, Mount Helen, Mount Pleasant, Nerrina, Newington, Redan, Soldiers Hill"
3351,"Berringa, Bo Peep, Cape Clear, Carngham, Chepstowe, Haddon, Hillcrest, Illabarook, Lake Bolac, Mininera, Mount Emu, Nerrin Nerrin, Newtown, Nintingbool, Piggoreet, Pitfield, Rokewood Junction, Ross Creek, Scarsdale, Smythes Creek, Smythesdale, Snake Valley, Springdallah, Staffordshire Reef, Streatham, Wallinduc, Westmere"
3352,"Addington, Blowhard, Bolwarrah, Bonshaw, Brewster, Bullarook, Bungaree, Bunkers Hill, Burrumbeet, Cambrian Hill, Cardigan, Cardigan Village, Chapel Flat, Clarendon, Claretown, Clarkes Hill, Corindhap, Dereel, Dunnstown, Durham Lead, Enfield, Ercildoune, Garibaldi, Glen Park, Glenbrae, Gong Gong, Grenville, Invermay, Lal Lal, Lamplough, Langi Kal Kal, Learmonth, Leigh Creek, Lexton, Magpie, Millbrook, Miners Rest, Mollongghip, Mount Bolton, Mount Egerton, Mount Mercer, Mount Rowan, Napoleons, Navigators, Pootilla, Scotchmans Lead, Scotsburn, Springbank, Sulky, Wallace, Warrenheip, Wattle Flat, Waubra, Weatherboard, Werneth, Windermere, Yendon"
3353,-
3354,-
3355,"Lake Gardens, Mitchell Park, Wendouree, Wendouree Village"
3356,"Delacombe, Sebastopol"
3357,Buninyong
3358,Winter Valley
3359,-
3360,"Happy Valley, Linton, Mannibadar, Pittong, Willowvale"
3361,"Bradvale, Carranballac, Skipton"
3363,"Creswick, Creswick North, Dean, Glendaruel, Langdons Hill, Mount Beckworth, Tourello"
3364,"Allendale, Ascot, Bald Hills, Barkstead, Blampied, Broomfield, Cabbage Tree, Campbelltown, Coghills Creek, Glendonald, Joyces Creek, Kingston, Kooroocheang, Lawrence, Mount Prospect, Newlyn, Newlyn North, Rocklyn, Smeaton, Smokeytown, Springmount, Strathlea, Werona"
3365,-
3370,"Clunes, Glengower, Mount Cameron, Ullina"
3371,"Amherst, Burnbank, Caralulup, Dunach, Evansford, Lillicur, Mount Glasgow, Red Lion, Stony Creek, Talbot"
3373,"Beaufort, Chute, Cross Roads, Lake Goldsmith, Lake Wongan, Main Lead, Mena Park, Nerring, Raglan, Stockyard Hill, Stoneleigh, Trawalla, Waterloo"
3374,Great Western
3375,"Ballyrogan, Bayindeen, Buangor, Middle Creek"
3377,"Ararat, Armstrong, Bulgana, Cathcart, Crowlands, Denicull Creek, Dobie, Dunneworthy, Eversley, Langi Logan, Maroona, Mount Cole, Mount Cole Creek, Moyston, Norval, Rhymney, Rocky Point, Rossbridge, Shays Flat, Warrak"
3378,"Tatyoon, Yalla-Y-Poora"
3379,"Bornes Hill, Chatsworth, Mafeking, Stavely, Wickliffe, Willaura, Willaura North"
3380,"Stawell, Stawell West"
3381,"Bellellen, Bellfield, Black Range, Fyans Creek, Halls Gap, Illawarra, Lake Fyans, Lake Lonsdale, Mokepilly, Mount Dryden, Pomonal"
3382,-
3384,"Barkly, Concongella, Frenchmans, Joel Joel, Joel South, Landsborough, Landsborough West, Navarre, Tulkara, Wattle Creek"
3385,"Dadswells Bridge, Deep Lead, Glenorchy, Ledcourt, Lubeck, Riachella, Roses Gap, Wal Wal"
3386,-
3387,"Bolangum, Callawadda, Campbells Bridge, Germania, Greens Creek, Kanya, Marnoo, Marnoo West, Morrl Morrl, Wallaloo, Wallaloo East"
3388,"Banyena, Rupanyup"
3390,"Kewell, Murtoa"
3391,Brim
3392,"Boolite, Minyip, Sheep Hills"
3393,"Aubrey, Bangerang, Cannum, Crymelon, Kellalac, Lah, Warracknabeal, Wilkur, Willenabrina"
3395,"Beulah, Kenmare, Reedy Dam, Rosebery"
3396,Hopetoun
3398,-
3399,-
3400,Horsham
3401,"Blackheath, Brimpaen, Bungalally, Cherrypool, Dooen, Drung, Gymbowen, Haven, Jung, Kalkee, Kanagulk, Karnak, Laharum, Longerenong, Lower Norton, Mckenzie Creek, Mockinya, Murra Warra, Nurcoung, Nurrabiel, Pimpinio, Quantong, Riverside, Rocklands, St Helens Plains, Telangatuk East, Toolondo, Vectis, Wail, Wallup, Wartook, Wonwondah, Zumsteins"
3402,-
3405,-
3407,"Balmoral, Englefield, Gatum, Pigeon Ponds, Vasey"
3408,-
3409,"Arapiles, Clear Lake, Douglas, Duchembegarra, Grass Flat, Jilpanger, Miga Lake, Mitre, Natimuk, Noradjuha, Tooan, Wombelano"
3412,Goroke
3413,"Minimay, Neuarpurr, Ozenkadnook, Peronne"
3414,"Antwerp, Dimboola, Tarranyurk"
3415,Miram
3416,-
3417,-
3418,"Broughton, Gerang Gerung, Glenlee, Kiata, Lawloit, Little Desert, Lorquon, Netherby, Nhill, Yanac"
3419,Kaniva
3420,"Lillimur, Serviceton, Telopea Downs"
3421,-
3422,-
3423,Jeparit
3424,"Albacutya, Rainbow, Yaapeet"
3425,-
3427,Diggers Rest
3428,Bulla
3429,"Sunbury, Wildwood"
3430,Clarkefield
3431,Riddells Creek
3432,Bolinda
3433,Monegeetta
3434,"Cherokee, Kerrie, Romsey, Springfield"
3435,"Benloch, Goldie, Lancefield, Nulla Vale"
3437,"Bullengarook, Gisborne, Gisborne South"
3438,New Gisborne
3439,-
3440,Macedon
3441,Mount Macedon
3442,"Ashbourne, Cadello, Carlsruhe, Cobaw, Hesket, Newham, Rochford, Woodend, Woodend North"
3444,"Barfold, Baynton, Baynton East, Edgecombe, Glenhope, Greenhill, Kyneton, Kyneton South, Langley, Lauriston, Lyal, Metcalfe East, Mia Mia, Pastoria, Pastoria East, Pipers Creek, Redesdale, Sidonia, Spring Hill, Tylden, Tylden South"
3446,"Drummond North, Malmsbury"
3447,Taradale
3448,"Elphinstone, Metcalfe, Sutton Grange"
3449,-
3450,"Castlemaine, Moonlight Flat"
3451,"Barkers Creek, Campbells Creek, Chewton, Chewton Bushlands, Faraday, Fryerstown, Glenluce, Golden Point, Guildford, Irishtown, Mckenzie Hill, Muckleford, Tarilta, Vaughan, Yapeen"
3452,-
3453,"Harcourt, Harcourt North, Ravenswood, Ravenswood South"
3456,-
3457,-
3458,"Barrys Reef, Blackwood, Fern Hill, Lerderderg, Little Hampton, Newbury, North Blackwood, Trentham, Trentham East"
3459,-
3460,"Basalt, Daylesford"
3461,"Bullarto, Bullarto South, Clydesdale, Coomoora, Denver, Drummond, Dry Diggings, Eganstown, Elevated Plains, Franklinford, Glenlyon, Hepburn, Hepburn Springs, Korweinguboora, Leonards Hill, Lyonville, Mount Franklin, Musk, Musk Vale, Porcupine Ridge, Sailors Falls, Sailors Hill, Shepherds Flat, Spargo Creek, Strangways, Wheatsheaf, Yandoit, Yandoit Hills"
3462,"Green Gully, Muckleford South, Newstead, Sandon, Welshmans Reef"
3463,"Baringhup, Baringhup West, Bradford, Eastville, Gower, Laanecoorie, Maldon, Neereman, Nuggetty, Tarrengower, Walmer, Woodstock West"
3464,Carisbrook
3465,"Adelaide Lead, Alma, Bowenvale, Bung Bong, Cotswold, Craigie, Daisy Hill, Flagstaff, Golden Point, Havelock, Homebush, Majorca, Maryborough, Moolort, Moonlight Flat, Natte Yallock, Rathscar, Rathscar West, Simson, Timor, Timor West, Wareek"
3467,Avoca
3468,"Amphitheatre, Mount Lonarch"
3469,"Elmhurst, Glenlofty, Glenlogie, Glenpatrick, Nowhere Creek"
3470,-
3471,-
3472,"Bet Bet, Betley, Bromley, Dunluce, Dunolly, Eddington, Goldsborough, Inkerman, Mcintyre, Moliagul, Mount Hooghly"
3475,"Archdale, Archdale Junction, Bealiba, Burkes Flat, Cochranes Creek, Emu, Logan"
3477,"Avon Plains, Beazleys Bridge, Carapooee, Carapooee West, Coonooer Bridge, Coonooer West, Dalyenong, Gooroc, Gowar East, Grays Bridge, Gre Gre, Gre Gre North, Gre Gre South, Kooreh, Marnoo East, Moolerr, Moyreisk, Paradise, Redbank, Rostron, Slaty Creek, St Arnaud East, St Arnaud North, Stuart Mill, Sutherland, Swanwater, Tottington, Traynors Lagoon, Winjallok, York Plains"
3478,"Dooboobetic, Medlyn, Moonambel, Percydale, St Arnaud, Tanwood, Warrenmang, Yawong Hills"
3480,"Areegra, Carron, Cope Cope, Corack, Corack East, Donald, Gil Gil, Jeffcott, Jeffcott North, Laen, Laen East, Laen North, Lawler, Litchfield, Rich Avon, Rich Avon East, Rich Avon West, Swanwater West"
3482,"Massey, Morton Plains, Warmur, Watchem, Watchem West"
3483,"Ballapur, Birchip, Birchip West, Curyo, Jil Jil, Karyrie, Kinnabulla, Marlbed, Narraport, Whirily"
3484,-
3485,"Banyan, Watchupga, Willangie, Woomelang"
3487,Lascelles
3488,"Speed, Turriff, Turriff East"
3489,Tempy
3490,"Big Desert, Boinka, Kulwin, Mittyack, Murray-Sunset, Ouyen, Torrita, Tutye"
3491,Patchewollock
3494,"Carwarp, Colignan, Iraak, Nangiloc"
3495,-
3496,"Cardross, Cullulleraine, Lindsay Point, Meringur, Merrinee, Neds Corner, Red Cliffs, Sunnycliffs, Werrimull"
3498,Irymple
3500,"Mildura, Mildura West"
3501,"Hattah, Koorlong, Mildura Centre Plaza, Mildura South, Nichols Point"
3502,-
3505,"Birdwoodton, Cabarita, Merbein, Merbein South, Merbein West, Wargan, Yelta"
3506,Cowangie
3507,Walpeup
3509,"Linga, Underbool"
3510,-
3512,"Carina, Murrayville, Panitya"
3515,"Marong, Shelbourne, Wilsons Hill"
3516,"Bridgewater, Bridgewater North, Bridgewater On Loddon, Derby, Leichardt, Yarraberb"
3517,"Bears Lagoon, Brenanah, Glenalbyn, Inglewood, Jarklin, Kingower, Kurting, Powlett Plains, Rheola, Salisbury West, Serpentine"
3518,"Berrimal, Borung, Fentons Creek, Fernihurst, Fiery Flat, Kurraca, Kurraca West, Mysia, Nine Mile, Richmond Plains, Skinners Flat, Wedderburn, Wedderburn Junction, Wehla, Woolshed Flat, Woosang"
3520,"Kinypanial, Korong Vale"
3521,Pyalong
3522,"Glenhope East, Tooborac"
3523,"Argyle, Costerfield, Derrinal, Heathcote, Heathcote South, Knowsley, Ladys Pass, Moormbool West, Mount Camel, Redcastle"
3525,"Barrakee, Buckrabanyule, Charlton, Chirrip, Granite Flat, Lake Marmal, Nareewillock, Terrappee, Wooroonook, Wychitella, Wychitella North, Yeungroon, Yeungroon East"
3527,"Bunguluke, Dumosa, Glenloth, Glenloth East, Jeruk, Ninyeunook, Teddywaddy, Teddywaddy West, Thalia, Towaninny, Towaninny South, Wycheproof, Wycheproof South"
3529,"Kalpienung, Nullawil"
3530,"Culgoa, Sutton, Wangie, Warne"
3531,"Berriwillock, Boigbeat"
3533,"Bimbourie, Lake Tyrrell, Myall, Nandaly, Ninda, Nyarrin, Pier Milan, Sea Lake, Straten, Tyenna, Tyrrell, Tyrrell Downs"
3536,-
3537,"Barraport, Barraport West, Boort, Canary Island, Catumnal, Gredgwin, Leaghur, Minmindie, Yando"
3538,-
3539,-
3540,"Cannie, Oakvale, Quambatook"
3542,"Cokum, Lalbert, Tittybong"
3543,-
3544,"Chinangin, Gowanford, Murnungin, Springfield, Ultima, Ultima East, Waitchie"
3546,"Bolton, Chinkapook, Cocamba, Gerahmin, Manangatang, Turoar, Winnambool"
3549,"Annuello, Bannerton, Happy Valley, Liparoo, Robinvale, Robinvale Irrigation District Section B, Robinvale Irrigation District Section C, Robinvale Irrigation District Section D, Robinvale Irrigation District Section E, Tol Tol, Wandown, Wemen"
3550,"Bendigo, Bendigo South, East Bendigo, Flora Hill, Ironbark, Kennington, Long Gully, North Bendigo, Quarry Hill, Sandhurst East, Spring Gully, Strathdale, West Bendigo, White Hills"
3551,"Arnold, Arnold West, Ascot, Axe Creek, Axedale, Bagshot, Bagshot North, Bendigo Forward, Cornella, Creek View, Emu Creek, Eppalock, Epsom, Huntly, Huntly North, Junortoun, Kimbolton, Lake Eppalock, Llanelly, Lockwood, Lockwood South, Longlea, Maiden Gully, Mandurang, Mandurang South, Murphys Creek, Myola, Myrtle Creek, Newbridge, Painswick, Sedgwick, Strathfieldsaye, Tarnagulla, Toolleen, Waanyarra, Wellsford, Woodstock On Loddon"
3552,-
3554,-
3555,"Big Hill, Golden Gully, Golden Square, Kangaroo Flat, Lansell Plaza"
3556,"California Gully, Campbells Forest, Eaglehawk, Eaglehawk North, Jackass Flat, Myers Flat, Sailors Gully, Sebastian, Whipstick, Woodvale"
3557,"Barnadown, Fosterville, Goornong, Muskerry"
3558,"Burnewang, Corop West, Elmore, Hunter, Runnymede"
3559,"Avonmore, Burramboot, Colbinabbin, Corop, Gobarup"
3560,-
3561,"Ballendella, Bamawm, Bonn, Diggora, Fairy Dell, Nanneella, Rochester, Timmering"
3562,Torrumbarry
3563,Lockington
3564,"Bamawm Extension, Echuca, Echuca South, Echuca Village, Echuca West, Kanyapella, Patho, Roslynmead, Wharparilla"
3565,Kotta
3566,Gunbower
3567,"Horfield, Leitchville"
3568,"Burkes Bridge, Cohuna, Cullen, Daltons Bridge, Gannawarra, Keely, Macorna North, Mcmillans, Mead, Mincha West, Wee Wee Rup"
3569,-
3570,"Auchmore, Drummartin, Kamarooka, Neilborough, Raywood"
3571,"Dingee, Kamarooka North, Pompapiel, Tandarra"
3572,"Milloo, Piavella, Prairie, Tennyson"
3573,"Calivil, Mitiamo, Pine Grove, Terrick Terrick East"
3574,-
3575,"Gladfield, Jungaburra, Loddon Vale, Mincha, Mologa, Pyramid Hill, Sylvaterre, Terrick Terrick, Yarrawalla"
3576,Durham Ox
3578,-
3579,"Appin, Appin South, Bael Bael, Beauchamp, Benjeroop, Budgerum East, Capels Crossing, Dingwall, Fairley, Gonn Crossing, Kerang, Kerang East, Koroop, Lake Meran, Macorna, Meering West, Milnes Bridge, Murrabit, Murrabit West, Myall, Mystic Park, Normanville, Pine View, Reedy Lake, Sandhill Lake, Teal Point, Tragowel, Wandella, Westby"
3580,Koondrook
3581,Lake Charm
3583,Tresco
3584,"Lake Boga, Tresco West"
3585,"Castle Donnington, Chillingollah, Fish Point, Goschen, Kunat, Meatian, Nowie, Nyrraby, Pira, Polisbet, Speewa, Swan Hill, Swan Hill West, Winlaton"
3586,"Bulga, Murrawee, Murraydale, Pental Island, Tyntynder, Tyntynder South"
3587,-
3588,Woorinen South
3589,"Woorinen, Woorinen North"
3590,Beverford
3591,Vinifera
3594,Nyah
3595,Nyah West
3596,"Miralie, Towan, Wood Wood"
3597,"Kenley, Kooloonong, Lake Powell, Narrung, Natya, Piangil"
3599,Boundary Bend
3605,-
3607,Tabilk
3608,"Bailieston, Goulburn Weir, Graytown, Kirwans Bridge, Mitchellstown, Nagambie, Wahring, Wirrate"
3610,"Dhurringile, Moorilim, Murchison, Murchison East, Murchison North"
3612,"Moora, Rushworth, Wanalta, Waranga Shores, Whroo"
3613,-
3614,"Toolamba, Toolamba West"
3616,"Cooma, Gillieston, Girgarre East, Harston, Mooroopna North West, Tatura, Tatura East, Waranga"
3617,Byrneside
3618,Merrigum
3619,-
3620,"Kyabram, Kyabram South, Lancaster, St Germains, Wyuna, Wyuna East"
3621,"Kyvalley, Tongala, Yambuna"
3622,"Koyuga, Strathallan"
3623,"Carag Carag, Stanhope, Stanhope South"
3624,Girgarre
3629,"Ardmona, Coomboona, Mooroopna, Mooroopna North, Undera"
3630,"Branditt, Caniambo, Colliver, Dunkirk, Shepparton, Shepparton South"
3631,"Arcadia, Arcadia South, Cosgrove, Cosgrove South, Grahamvale, Karramomus, Kialla, Kialla East, Kialla West, Lemnos, Orrvale, Pine Lodge, Shepparton East, Shepparton North"
3632,-
3633,Congupna
3634,"Bunbartha, Katandra, Katandra West, Marionvale, Marungi, Tallygaroopna, Zeerust"
3635,"Kaarimba, Mundoona, Wunghnu"
3636,"Drumanure, Invergordon, Naring, Numurkah"
3637,"Waaia, Yalca"
3638,"Kotupna, Nathalia, Yielima"
3639,"Barmah, Lower Moira, Picola, Picola West"
3640,Katunga
3641,"Bearii, Mywee, Strathmerton, Ulupna"
3643,-
3644,"Cobram, Cobram East, Koonoomoo, Muckatah, Yarroweyah"
3646,"Dookie, Mount Major, Nalinga, Waggarandall, Yabba North, Yabba South, Youanmite"
3647,Dookie College
3649,"Katamatite, Katamatite East"
3655,-
3658,"Broadford, Clonbinane, Hazeldene, Reedy Creek, Strath Creek, Sugarloaf Creek, Sunday Creek, Tyaak, Waterford Park"
3659,Tallarook
3660,"Caveat, Dropmore, Highlands, Hilldene, Kerrisdale, Northwood, Seymour, Seymour South, Trawool, Whiteheads Creek"
3661,-
3662,Puckapunyal
3663,Mangalore
3664,"Avenel, Upton Hill"
3665,"Locksley, Longwood"
3666,"Balmattum, Creightons Creek, Euroa, Gooram, Kelvin View, Kithbrook, Longwood East, Miepoll, Moglonemby, Molka, Pranjip, Riggs Creek, Ruffy, Sheans Creek, Strathbogie, Tarcombe"
3669,"Boho, Boho South, Creek Junction, Earlston, Gowangardie, Koonda, Marraweeney, Tamleugh, Tamleugh North, Upotipotpon, Violet Town"
3670,"Baddaginnie, Tarnook, Warrenbayne"
3671,-
3672,Benalla
3673,"Broken Creek, Goomalibee, Lima, Lima East, Lima South, Lurg, Molyullah, Moorngag, Samaria, Swanpool, Tatong, Upper Lurg, Upper Ryans Creek, Winton, Winton North"
3674,-
3675,"Boweya, Boweya North, Glenrowan, Glenrowan West, Greta, Greta South, Greta West, Hansonville, Mount Bruno, Taminick"
3676,-
3677,"Wangaratta, Yarrunga"
3678,"Bobinawarrah, Boorhaman, Boorhaman East, Bowser, Byawatha, Carboor, Cheshunt, Cheshunt South, Docker, Dockers Plains, East Wangaratta, Edi, Edi Upper, Everton, Everton Upper, Killawarra, King Valley, Laceby, Londrigan, Markwood, Meadow Creek, Milawa, North Wangaratta, Oxley, Oxley Flats, Peechelba, Peechelba East, Rose River, Tarrawingee, Wabonga, Waldara, Wangandary, Wangaratta Forward, Wangaratta South, Whitlands"
3682,"Boralma, Lilliput, Norong, Springhurst"
3683,"Chiltern, Chiltern Valley, Cornishtown"
3685,"Boorhaman North, Brimin, Browns Plains, Carlyle, Gooramadda, Great Southern, Prentice North, Rutherglen"
3687,Wahgunyah
3688,"Barnawartha, Indigo Valley"
3689,-
3690,"West Wodonga, Wodonga, Wodonga Plaza"
3691,"Allans Flat, Bandiana, Baranduda, Barnawartha North, Bellbridge, Berringama, Bethanga, Bonegilla, Bungil, Castle Creek, Coral Bank, Dederang, Ebden, Gateway Island, Glen Creek, Gundowring, Huon Creek, Kancoona, Kergunyah, Kergunyah South, Kiewa, Killara, Leneva, Lucyvale, Mongans Bridge, Osbornes Flat, Running Creek, Staghorn Flat, Talgarno, Tangambalanga, Thologolong, Upper Gundowring, Wodonga Forward"
3693,-
3694,-
3695,"Charleroi, Huon, Sandy Creek"
3697,Tawonga
3698,Tawonga South
3699,"Bogong, Falls Creek, Mount Beauty, Nelse"
3700,"Bullioh, Georges Creek, Jarvis Creek, Tallangatta, Tallangatta East"
3701,"Dartmouth, Eskdale, Granya, Mitta Mitta, Old Tallangatta, Shelley, Tallandoon, Tallangatta South, Tallangatta Valley"
3704,Koetong
3705,Cudgewa
3707,"Biggara, Colac Colac, Corryong, Nariel Valley, Thowgla Valley, Tom Groggin, Towong, Towong Upper"
3708,Tintaldra
3709,"Burrowye, Guys Forest, Mount Alfred, Pine Mountain, Walwa"
3711,Buxton
3712,"Rubicon, Thornton"
3713,"Eildon, Lake Eildon, Taylor Bay"
3714,"Acheron, Alexandra, Cathkin, Crystal Creek, Devils River, Fawcett, Koriella, Maintongoon, Taggerty, Whanregarwen"
3715,"Ancona, Merton, Woodfield"
3717,"Flowerdale, Ghin Ghin, Glenburn, Homewood, Killingworth, Limestone, Murrindindi, Yea"
3718,Molesworth
3719,"Gobur, Kanumbra, Terip Terip, Yarck"
3720,Bonnie Doon
3721,-
3722,"Barwite, Mansfield, Mirimbah"
3723,"Archerton, Barjarg, Boorolite, Bridge Creek, Delatite, Enochs Point, Gaffneys Creek, Goughs Bay, Howes Creek, Howqua, Howqua Hills, Howqua Inlet, Jamieson, Kevington, Knockwood, Macs Cove, Maindample, Matlock, Merrijig, Mount Buller, Mountain Bay, Piries, Sawmill Settlement, Tolmie, Woods Point"
3724,-
3725,"Boxwood, Chesney Vale, Goorambat, Major Plains, Stewarton"
3726,"Bungeet, Bungeet West, Devenish, Thoona"
3727,"Almonds, Lake Rowan, Pelluebla, St James, Yundool"
3728,"Boomahnoomoonah, Tungamah, Wilby, Youarang"
3730,"Bathumi, Boosey, Bundalong, Bundalong South, Burramine, Burramine South, Esmond, Telford, Yarrawonga, Yarrawonga South"
3732,"Moyhu, Myrrhee"
3733,Whitfield
3734,-
3735,"Bowmans Forest, Whorouly, Whorouly East, Whorouly South"
3736,-
3737,"Abbeyard, Barwidgee, Buffalo River, Dandongadale, Gapsted, Havilah, Merriang, Merriang South, Mudgegonga, Myrtleford, Nug Nug, Rosewhite, Selwyn, Wonnangatta"
3738,Ovens
3739,Eurobin
3740,"Buckland, Mount Buffalo, Porepunkah"
3741,"Bright, Freeburgh, Germantown, Harrietville, Hotham Heights, Mount Hotham, Smoko"
3744,Wandiligong
3746,Eldorado
3747,"Beechworth, Murmungee, Stanley, Wooragee"
3749,"Bruarong, Yackandandah"
3750,Wollert
3751,Woodstock
3752,South Morang
3753,Beveridge
3754,"Doreen, Mernda"
3755,Yan Yean
3756,"Chintin, Darraweit Guim, Upper Plenty, Wallan"
3757,"Eden Park, Humevale, Kinglake Central, Kinglake West, Pheasant Creek, Whittlesea"
3758,"Heathcote Junction, Wandong"
3759,Panton Hill
3760,Smiths Gully
3761,St Andrews
3762,Bylands
3763,Kinglake
3764,"Forbes, Glenaroua, High Camp, Kilmore, Kilmore East, Moranding, Tantaraboo, Willowmavin"
3765,Montrose
3766,Kalorama
3767,Mount Dandenong
3770,"Coldstream, Gruyere, Yering"
3775,"Christmas Hills, Dixons Creek, Steels Creek, Tarrawarra, Yarra Glen"
3777,"Badger Creek, Castella, Chum Creek, Healesville, Healesville Main Street, Mount Toolebewong, Toolangi"
3778,"Fernshaw, Narbethong"
3779,"Cambarville, Marysville"
3780,-
3781,"Cockatoo, Mount Burnett, Nangana"
3782,"Avonsleigh, Clematis, Emerald, Macclesfield"
3783,Gembrook
3785,Tremont
3786,Ferny Creek
3787,"Sassafras, Sassafras Gully"
3788,Olinda
3789,Sherbrooke
3791,Kallista
3792,The Patch
3793,Monbulk
3795,Silvan
3796,Mount Evelyn
3797,"Gilderoy, Gladysdale, Powelltown, Three Bridges, Yarra Junction"
3798,-
3799,"Big Pats Creek, East Warburton, Mcmahons Creek, Millgrove, Reefton, Warburton, Wesburn"
3800,-
3801,-
3802,Endeavour Hills
3803,Hallam
3804,"Narre Warren East, Narre Warren North"
3805,"Fountain Gate, Narre Warren, Narre Warren South"
3806,"Berwick, Harkaway"
3807,"Beaconsfield, Guys Hill"
3808,"Beaconsfield Upper, Dewhurst"
3809,"Officer, Officer South"
3810,"Pakenham, Pakenham South, Pakenham Upper, Rythdale"
3812,"Maryknoll, Nar Nar Goon, Nar Nar Goon North"
3813,"Tynong, Tynong North"
3814,"Cora Lynn, Garfield, Garfield North, Vervale"
3815,"Bunyip, Bunyip North, Iona, Tonimbuk"
3816,"Labertouche, Longwarry, Longwarry North, Modella"
3818,"Athlone, Drouin, Drouin East, Drouin South, Drouin West, Hallora, Jindivick, Ripplebrook"
3820,"Bona Vista, Lillico, Warragul"
3821,"Brandy Creek, Bravington, Buln Buln, Buln Buln East, Crossover, Ellinbank, Ferndale, Lardner, Nilma, Nilma North, Rokeby, Seaview, Shady Creek, Tetoora Road, Torwood, Warragul South, Warragul West"
3822,"Cloverlea, Darnum, Gainsborough"
3823,"Allambee, Yarragon, Yarragon South"
3824,"Childers, Narracan, Thorpdale South, Trafalgar, Trafalgar East, Trafalgar South"
3825,"Aberfeldy, Amor, Boola, Caringal, Coalville, Coopers Creek, Erica, Fumina, Fumina South, Hernes Oak, Hill End, Jacob Creek, Jericho, Moe, Moe South, Moondarra, Newborough, Rawson, Tanjil, Tanjil South, Thalloo, Thomson, Toombon, Walhalla, Walhalla East, Westbury, Willow Grove, Yallourn, Yallourn North"
3826,-
3828,-
3830,-
3831,"Neerim, Neerim East, Neerim South"
3832,"Nayook, Neerim Junction, Neerim North"
3833,"Ada, Baw Baw, Baw Baw Village, Gentle Annie, Icy Creek, Loch Valley, Noojee, Piedmont, Tanjil Bren, Toorongo, Vesper"
3835,Thorpdale
3837,-
3838,-
3839,-
3840,"Driffield, Hazelwood, Hazelwood North, Hazelwood South, Jeeralang, Jeeralang Junction, Maryvale, Morwell"
3841,-
3842,Churchill
3844,"Blackwarry, Callignee, Callignee North, Callignee South, Carrajung, Carrajung Lower, Carrajung South, Flynn, Flynns Creek, Koornalla, Loy Yang, Mount Tassie, Traralgon, Traralgon East, Traralgon South, Tyers"
3845,-
3846,-
3847,"Hiamdale, Nambrok, Rosedale, Willung, Willung South"
3850,"Sale, Wurruk"
3851,"Airly, Bundalaguah, Clydebank, Cobains, Darriman, Dutson, Dutson Downs, Flamingo Beach, Fulham, Giffard, Giffard West, Glomar Beach, Golden Beach, Kilmany, Lake Wellington, Loch Sport, Longford, Montgomery, Myrtlebank, Paradise Beach, Pearsondale, Seacombe, Seaspray, Somerton Park, Stradbroke, The Heart, The Honeysuckles"
3852,"East Sale, Sale East Raaf"
3853,-
3854,"Glengarry, Glengarry North, Glengarry West"
3855,-
3856,Toongabbie
3857,Cowwarr
3858,"Arbuckle, Billabong, Buragwonduc, Crookayan, Dawson, Denison, Gillum, Glenfalloch, Glenmaggie, Heyfield, Howitt Plains, Licola, Licola North, Reynard, Sargood, Seaton, Tamboritha, Winnindoo, Worrowing, Yangoura"
3859,"Maffra West Upper, Newry, Tinamba, Tinamba West"
3860,"Boisdale, Briagolong, Bushy Park, Coongulla, Koorool, Maffra, Monomak, Moroka, Nap Nap Marra, Riverslea, Toolome, Valencia Creek, Woolenook, Wrathung, Wrixon"
3861,-
3862,"Budgee Budgee, Cobbannah, Cowa, Crooked River, Dargo, Hawkhurst, Hollands Landing, Llowalong, Meerlieu, Miowera, Moornapa, Munro, Perry Bridge, Stockdale, Stratford, Waterford, Wongungarra"
3863,-
3864,"Fernbank, Glenaladale"
3865,Lindenow
3866,-
3869,"Jumbuk, Yinnar, Yinnar South"
3870,"Boolarra, Boolarra South, Budgeree, Grand Ridge, Johnstones Hill"
3871,"Allambee Reserve, Allambee South, Baromi, Darlimurla, Delburn, Dollar, Mirboo, Mirboo North"
3872,-
3873,Gormandale
3874,"Mcloughlins Beach, Woodside, Woodside Beach, Woodside North"
3875,"Bairnsdale, Banksia Peninsula, Bengworden, Broadlands, Bullumwaal, Calulu, Clifton Creek, Deptford, East Bairnsdale, Eastwood, Ellaswood, Fairy Dell, Flaggy Creek, Forge Creek, Goon Nure, Granite Rock, Hillside, Iguana Creek, Lindenow South, Lucknow, Marthavale, Melwood, Merrijig, Mount Taylor, Newlands Arm, Ryans, Sarsfield, Tabberabbera, Walpa, Waterholes, Wentworth, Woodglen, Wuk Wuk, Wy Yung"
3876,-
3878,Eagle Point
3879,-
3880,"Boole Poole, Ocean Grange, Paynesville, Raymond Island"
3882,Nicholson
3884,-
3885,"Brumby, Bruthen, Buchan, Buchan South, Butchers Ridge, Gelantipy, Mossiface, Murrindal, Suggan Buggan, Tambo Upper, Timbarra, W Tree, Wiseleigh, Wulgulmerang, Wulgulmerang East, Wulgulmerang West, Yalmy"
3886,Newmerella
3887,"Lake Tyers, Nowa Nowa, Wairewa"
3888,"Bendoc, Bete Bolong, Bete Bolong North, Bonang, Brodribb River, Cape Conran, Corringle, Deddick Valley, Delegate River, Goongerah, Haydens Bog, Jarrahmond, Marlo, Nurran, Orbost, Simpsons Creek, Tostaree, Tubbut, Waygara, Wombat Creek"
3889,"Bellbird Creek, Bemm River, Cabbage Tree Creek, Club Terrace, Combienbar, Errinundra, Manorina"
3890,"Buldah, Cann River, Chandlers Creek, Noorinbee, Noorinbee North, Tamboon, Tonghi Creek"
3891,"Genoa, Gipsy Point, Maramingo Creek, Wallagaraugh, Wangarabell, Wingan River, Wroxham"
3892,Mallacoota
3893,"Double Bridges, Stirling, Tambo Crossing"
3895,"Doctors Flat, Ensay, Ensay North, Reedy Flat"
3896,"Bindi, Brookville, Nunniong, Swifts Creek, Tongio"
3898,"Anglers Rest, Bingo Munjie, Bundara, Cassilis, Cobungra, Dinner Plain, Glen Valley, Glen Wills, Hinnomunjie, Omeo, Omeo Valley, Shannonvale"
3900,"Benambra, Cobberas"
3902,"Bumberrah, Johnsonville"
3903,Swan Reach
3904,Metung
3905,-
3908,-
3909,"Kalimna, Kalimna West, Lake Bunga, Lake Tyers Beach, Lakes Entrance, Nungurner, Nyerimilang, Toorloo Arm"
3910,Langwarrin
3911,"Baxter, Langwarrin South"
3912,"Pearcedale, Somerville"
3913,Tyabb
3915,"Hastings, Tuerong"
3916,"Merricks, Point Leo, Shoreham"
3918,Bittern
3919,Crib Point
3920,Hmas Cerberus
3921,"Elizabeth Island, French Island"
3922,"Cowes, Silverleaves, Smiths Beach, Summerlands, Sunderland Bay, Sunset Strip, Surf Beach, Ventnor, Wimbledon Heights"
3923,Rhyll
3925,"Cape Woolamai, Churchill Island, Newhaven, San Remo"
3926,"Balnarring, Balnarring Beach, Merricks Beach, Merricks North"
3927,Somers
3928,Main Ridge
3929,Flinders
3930,"Kunyung, Mount Eliza"
3931,Mornington
3932,-
3933,Moorooduc
3934,Mount Martha
3935,-
3936,"Arthurs Seat, Dromana, Safety Beach"
3937,"Red Hill, Red Hill South"
3938,Mccrae
3939,"Boneo, Cape Schanck, Fingal, Rosebud, Rosebud Plaza"
3940,Rosebud West
3941,"Rye, St Andrews Beach, Tootgarook"
3942,Blairgowrie
3943,Sorrento
3944,Portsea
3945,"Jeetho, Krowera, Loch, Woodleigh"
3946,Bena
3950,"Kardella South, Korumburra, Korumburra South, Strzelecki, Whitelaw"
3951,"Arawata, Fairbank, Jumbunna, Kardella, Kongwak, Moyarra, Outtrim, Ranceby"
3953,"Berrys Creek, Boorool, Hallston, Koorooman, Leongatha, Leongatha North, Leongatha South, Mardan, Mount Eccles, Mount Eccles South, Nerrena, Ruby, Trida, Wild Dog Valley, Wooreen"
3954,Koonwarra
3956,"Dumbalk, Dumbalk North, Meeniyan, Middle Tarwin, Tarwin, Tarwin Lower, Venus Bay, Walkerville, Walkerville North, Walkerville South"
3957,Stony Creek
3958,Buffalo
3959,"Fish Creek, Sandy Point, Waratah Bay"
3960,"Bennison, Boolarong, Foster, Foster North, Gunyah, Mount Best, Shallow Inlet, Tidal River, Turtons Creek, Wilsons Promontory, Wonga, Woorarra West, Yanakie"
3961,-
3962,"Agnes, Toora, Toora North, Wonyip, Woorarra East"
3964,Port Franklin
3965,Port Welshpool
3966,"Binginwarri, Hazel Park, Welshpool"
3967,Hedley
3970,-
3971,"Alberton, Alberton West, Balook, Calrossie, Devon North, Gelliondale, Hiawatha, Hunterston, Jack River, Langsborough, Macks Creek, Madalya, Manns Beach, Port Albert, Robertsons Beach, Snake Island, Staceys Bridge, Tarra Valley, Tarraville, Won Wron, Yarram"
3973,-
3974,-
3975,"Lynbrook, Lyndhurst"
3976,Hampton Park
3977,"Botanic Ridge, Cannons Creek, Cranbourne, Cranbourne East, Cranbourne North, Cranbourne South, Cranbourne West, Devon Meadows, Junction Village, Sandhurst, Skye"
3978,"Cardinia, Clyde, Clyde North"
3979,"Almurta, Glen Alvie, Kernot"
3980,"Blind Bight, Tooradin, Warneet"
3981,"Bayles, Catani, Dalmore, Heath Hill, Koo Wee Rup, Koo Wee Rup North, Yannathan"
3984,"Adams Estate, Caldermeade, Corinella, Coronet Bay, Grantville, Jam Jerrup, Lang Lang, Lang Lang East, Monomeith, Pioneer Bay, Queensferry, Tenby Point, The Gurdies"
3985,-
3986,-
3987,Nyora
3988,"Mountain View, Poowong, Poowong East, Poowong North"
3989,-
3990,Glen Forbes
3991,Bass
3992,"Blackwood Forest, Dalyston, Ryanston, West Creek"
3995,"Anderson, Archies Creek, Cape Paterson, Harmers Haven, Kilcunda, Lance Creek, North Wonthaggi, South Dudley, St Clair, Wattle Bank, Wonthaggi, Woolamai"
3996,"Inverloch, Pound Creek"
3999,-